{"minzoom":0,"maxzoom":8,"center":[-54.140625,-33.722348,8.0],"bounds":[-58.494765,-35.633377,-53.075467,-30.085434]}