{"minzoom":0,"maxzoom":9,"center":[-58.007813,-31.052457,9.0],"bounds":[-58.494765,-35.633377,-53.075467,-30.085434]}